,mean_fit_time,std_fit_time,mean_score_time,std_score_time,param_layer_num,param_nb_hidden,params,split0_test_score,split1_test_score,split2_test_score,mean_test_score,std_test_score,rank_test_score,split0_train_score,split1_train_score,split2_train_score,mean_train_score,std_train_score
0,3715.039515018463,19.626399251664346,0.4017627239227295,0.0005398894185494718,3,175,"{'layer_num': 3, 'nb_hidden': 175}",0.8159677418585747,0.8631663973574106,0.8416801292407108,0.8402583422586402,0.019297541560205855,1,1.0,1.0,1.0,1.0,0.0
1,3773.9972174167633,26.354285648391013,0.40746911366780597,0.006749660995190828,3,200,"{'layer_num': 3, 'nb_hidden': 200}",0.807741935483871,0.8560581583198708,0.8465266558966075,0.8367599569429494,0.020900631356198303,2,1.0,1.0,1.0,1.0,0.0
2,3828.218152205149,15.435040566825226,0.4211385250091553,0.008371013429544188,3,225,"{'layer_num': 3, 'nb_hidden': 225}",0.815806451535994,0.8492730210016155,0.8339256865912763,0.8329924649904824,0.013680415096909747,6,1.0,1.0,1.0,1.0,0.0
3,3881.5699853102365,20.39780634556243,0.43105411529541016,0.0039341815072121405,3,250,"{'layer_num': 3, 'nb_hidden': 250}",0.798064516052123,0.8473344102814818,0.8432956381260097,0.8295479009238717,0.022340983880925553,8,1.0,1.0,1.0,1.0,0.0
4,4135.229643821716,21.78906757648493,0.45560161272684735,0.002725718132152212,4,175,"{'layer_num': 4, 'nb_hidden': 175}",0.810806451535994,0.8508885298869143,0.8460420032310177,0.8358988159054447,0.017867138972649722,3,1.0,1.0,1.0,1.0,0.0
5,4192.105579535167,22.194301021923543,0.464754581451416,0.00726925572313697,4,200,"{'layer_num': 4, 'nb_hidden': 200}",0.8235483870967742,0.8453957996768983,0.8369951534733441,0.8353067814854682,0.008999837686211445,4,1.0,1.0,1.0,1.0,0.0
6,4257.869289795558,21.919167669006036,0.4668746789296468,0.0039334179561965965,4,225,"{'layer_num': 4, 'nb_hidden': 225}",0.8140322579876069,0.8544426494345719,0.8332794830371567,0.8339074273155631,0.016505656157298113,5,1.0,1.0,1.0,1.0,0.0
7,4312.20978252093,15.138930403407397,0.48244571685791016,0.00401257721119587,4,250,"{'layer_num': 4, 'nb_hidden': 250}",0.8029032258833608,0.8502423263327948,0.8447495961227787,0.8326157158491301,0.02114603468041983,7,1.0,1.0,1.0,1.0,0.0
